{"cameraMode":{"drawMode":0,"name":"Shaded","section":"Shading Mode"},"sceneLighting":true,"audioPlay":false,"sceneViewState":{"showFog":true,"showMaterialUpdate":false,"showSkybox":true,"showFlares":true,"showImageEffects":true,"showParticleSystems":true},"in2DMode":false,"pivot":{"x":0.23251545429229737,"y":0.2783500552177429,"z":0.42456376552581789},"rotation":{"x":0.031573083251714709,"y":-0.9619734287261963,"z":0.1265619546175003,"w":0.2399841994047165},"size":5.6754255294799809,"orthographic":false}