{"cameraMode":{"drawMode":0,"name":"Shaded","section":"Shading Mode"},"sceneLighting":false,"audioPlay":false,"sceneViewState":{"showFog":true,"showMaterialUpdate":false,"showSkybox":true,"showFlares":true,"showImageEffects":true,"showParticleSystems":true},"in2DMode":false,"pivot":{"x":-0.008826762437820435,"y":0.9088995456695557,"z":-0.013549372553825379},"rotation":{"x":0.031573083251714709,"y":-0.9619734287261963,"z":0.1265619546175003,"w":0.2399841994047165},"size":4.16123104095459,"orthographic":false}