{"cameraMode":{"drawMode":0,"name":"Shaded","section":"Shading Mode"},"sceneLighting":false,"audioPlay":false,"sceneViewState":{"showFog":true,"showMaterialUpdate":false,"showSkybox":true,"showFlares":true,"showImageEffects":true,"showParticleSystems":true},"in2DMode":false,"pivot":{"x":0.0005664825439453125,"y":0.8154119849205017,"z":0.0},"rotation":{"x":-0.151290163397789,"y":0.32321977615356448,"z":-0.052429404109716418,"w":-0.9326797127723694},"size":3.8892576694488527,"orthographic":false}